{
    "107": {
        "30": {
            "snr": 3.197538657340276,
            "interval": [
                260,
                270
            ],
            "gain": 4980.577906675729,
            "amplitude": 829.3052888339608,
            "amplitude_err": 29.40519125340697,
            "mean0": 81.96192653809135,
            "std0": 873.1695494859082,
            "mean1": 5062.53983321382,
            "std1": 1289.8767505062074,
            "run": [
                36335
            ],
            "number_waveforms": 27028
        },
        "37": {
            "snr": 2.7012860392668774,
            "interval": [
                260,
                270
            ],
            "gain": 4520.0843423462065,
            "amplitude": 798.1080664077987,
            "amplitude_err": 23.791141225870106,
            "mean0": 136.21646963815047,
            "std0": 793.7117490401043,
            "mean1": 4656.300811984357,
            "std1": 1473.0859841095748,
            "run": [
                36335
            ],
            "number_waveforms": 26785
        }
    }
}