{
    "107": {
        "37": {
            "snr": 2.599213103235283,
            "interval": [
                260,
                271
            ],
            "gain": 6271.983783463449,
            "amplitude": 1978.078729390372,
            "amplitude_err": 22.195801117842144,
            "mean0": -341.87024881387583,
            "std0": 1653.7540507266824,
            "mean1": 5930.113534649573,
            "std1": 1757.2193491750882,
            "run": [
                36019
            ],
            "number_waveforms": 100462
        },
        "30": {
            "snr": 2.3454007902306757,
            "interval": [
                260,
                271
            ],
            "gain": 5952.494185533223,
            "amplitude": 2074.02310215769,
            "amplitude_err": 50.69686676515475,
            "mean0": -366.76185311344284,
            "std0": 1301.4107957733324,
            "mean1": 5585.73233241978,
            "std1": 2178.87265738018,
            "run": [
                36019
            ],
            "number_waveforms": 101774
        }
    }
}