{
    "107": {
        "30": {
            "snr": 2.8210511352697862,
            "interval": [
                260,
                270
            ],
            "gain": 4910.436129461817,
            "amplitude": 962.0005718124548,
            "amplitude_err": 28.54381823854052,
            "mean0": 45.83712841618429,
            "std0": 938.2092305075497,
            "mean1": 4956.273257878001,
            "std1": 1466.1490798201703,
            "run": [
                36335
            ],
            "number_waveforms": 33078
        },
        "37": {
            "snr": 2.6300509529169305,
            "interval": [
                260,
                271
            ],
            "gain": 4794.039726053165,
            "amplitude": 887.3584278629121,
            "amplitude_err": 27.44303703882236,
            "mean0": 149.41201226555182,
            "std0": 884.5972965146331,
            "mean1": 4943.451738318718,
            "std1": 1593.7577261248864,
            "run": [
                36335
            ],
            "number_waveforms": 33056
        }
    }
}