{
    "107": {
        "30": {
            "snr": 3.197538657340276,
            "interval": [
                260,
                270
            ],
            "gain": 4980.577906675729,
            "amplitude": 829.3052888339608,
            "amplitude_err": 29.40519125340697,
            "mean0": 81.96192653809135,
            "std0": 873.1695494859082,
            "mean1": 5062.53983321382,
            "std1": 1289.8767505062074,
            "run": [
                36335
            ],
            "number_waveforms": 27028
        },
        "37": {
            "snr": 2.9932303560208684,
            "interval": [
                260,
                271
            ],
            "gain": 4929.006522457308,
            "amplitude": 746.2686076301136,
            "amplitude_err": 25.269712562880688,
            "mean0": 132.89048847479188,
            "std0": 813.5353100869303,
            "mean1": 5061.8970109321,
            "std1": 1431.7264786216108,
            "run": [
                36335
            ],
            "number_waveforms": 26785
        }
    }
}